EDCS-ID	publication	province	place	dating_from	dating_to	date_not_before	date_not_after	status	inscription	inscription_conservative_cleaning	inscription_interpretive_cleaning	material	comment	latitude	longitude	language	photo	partner_link	extra_text	extra_html	raw_dating
EDCS-21000577	AE 2000, 01693	Africa proconsularis	Oudna, Hr. / Udhnah / Uthina	151	250	151	250		] splendi[dissimus(?)	splendidissimus	splendidissimus	lapis		36.60005	10.1820304			http://db.edcs.eu/epigr/partner.php?s_language=en&param=HD048091			151 to 250
EDCS-21000578	AE 2000, 01694	Africa proconsularis	Oudna, Hr. / Udhnah / Uthina	51	250	51	250		]A[3] / [3 Ut]hina [	A hina	A Uthina	lapis		36.60005	10.1820304			http://db.edcs.eu/epigr/partner.php?s_language=en&param=HD048092			51 to 250
EDCS-21000579	AE 2000, 01695	Africa proconsularis	Oudna, Hr. / Udhnah / Uthina	96	96	96	96	Augusti/Augustae;  tituli honorarii;  viri	Domi]tian[i] / [Caesa]ris Au[g(usti)] / [Germa]nici p(atris) p(atriae) [3] / [3]M suo [3] / [3]NO[	Domitian ris Au nici p p M suo NO	Domitiani Caesaris Augusti Germanici patris patriae M suo NO	lapis		36.60005	10.1820304			http://db.edcs.eu/epigr/partner.php?s_language=en&param=HD048093			96 to 96
EDCS-21000580	AE 2000, 01696	Africa proconsularis	Oudna, Hr. / Udhnah / Uthina	102	117	102	117	Augusti/Augustae;  ordo decurionum;  tituli honorarii;  viri	] Tra[iani] Germ(anici) Da[c(ici) 3] / [3 ordi]nis Ut[hin 3] / [3] patron[o coloniae	Tra Germ Da nis Ut patrono coloniae	Traiani Germanici Dacici ordinis Uthin patrono coloniae	lapis		36.60005	10.1820304			http://db.edcs.eu/epigr/partner.php?s_language=en&param=HD048094			102 to 117
EDCS-21000581	AE 2000, 01697	Africa proconsularis	Oudna, Hr. / Udhnah / Uthina					Augusti/Augustae;  tituli operum;  viri	Tr]aianu[s 3] / [3 t]r(ibunicia) pot(estate) X[3] / [3] ded[it	Traianu r pot X dedit	Traianus tribunicia potestate X dedit	lapis		36.60005	10.1820304			http://db.edcs.eu/epigr/partner.php?s_language=en&param=HD048095			
EDCS-21000582	AE 2000, 01698	Africa proconsularis	Oudna, Hr. / Udhnah / Uthina					Augusti/Augustae;  tituli honorarii;  viri	H]a[d]ria[no(?)	Ha riano	Hadriano	lapis		36.60005	10.1820304			http://db.edcs.eu/epigr/partner.php?s_language=en&param=HD048096			
EDCS-21000583	AE 2000, 01699	Africa proconsularis	Oudna, Hr. / Udhnah / Uthina					Augusti/Augustae;  tituli honorarii;  tituli sacri;  viri	Di[vi 3] / Hadria[ni(?)	Di Hadriani	Divi Hadriani	lapis		36.60005	10.1820304			http://db.edcs.eu/epigr/partner.php?s_language=en&param=HD048097			
EDCS-21000584	AE 2000, 01700	Africa proconsularis	Oudna, Hr. / Udhnah / Uthina					Augusti/Augustae;  tituli honorarii;  viri	Had]rian[i 3] / [6] // [3 Ara]bico [	Hadrian bico	Hadriani Arabico	lapis		36.60005	10.1820304			http://db.edcs.eu/epigr/partner.php?s_language=en&param=HD048098			
EDCS-21000585	AE 2000, 01701	Africa proconsularis	Oudna, Hr. / Udhnah / Uthina	193	217	193	217	Augusti/Augustae;  tituli honorarii;  viri	Se]ptimi S[everi 3] / [3 A]rab(ico?) Adi[ab(enico?)	Septimi S rab Adiab	Septimi Severi Arabico Adiabenico	lapis		36.60005	10.1820304			http://db.edcs.eu/epigr/partner.php?s_language=en&param=HD048099			193 to 217
EDCS-21000587	AE 2000, 01703	Africa proconsularis	Oudna, Hr. / Udhnah / Uthina					tituli sacri	[Iovi] Optim[o Maximo	Optimo Maximo	Iovi Optimo Maximo	lapis		36.60005	10.1820304			http://db.edcs.eu/epigr/partner.php?s_language=en&param=HD048101			
EDCS-21000588	AE 2000, 01704	Africa proconsularis	Oudna, Hr. / Udhnah / Uthina					tituli sacri;  viri	Gen(io) c[ol(oniae) 3] / ex tes[tamento 3] / Cn(aeus) [3] / A[	Gen c ex tes Cn A	Genio coloniae ex testamento Cnaeus A	lapis		36.60005	10.1820304			http://db.edcs.eu/epigr/partner.php?s_language=en&param=HD048102			
EDCS-21000589	AE 2000, 01705	Africa proconsularis	Oudna, Hr. / Udhnah / Uthina	101	200	101	200	tituli honorarii	] Au[3] / [6] / MA[3] / provin[cia 3] / Selici[3] / STA[	Au MA provin Selici STA	Au MA provincia Selici STA	lapis		36.60005	10.1820304			http://db.edcs.eu/epigr/partner.php?s_language=en&param=HD048103			101 to 200
EDCS-21000590	AE 2000, 01706	Africa proconsularis	Oudna, Hr. / Udhnah / Uthina					mulieres;  tituli sacri	Aphr]odisia / [3 v(otum)] s(olvit) l(ibens) a(nimo) / [3]AFI	Aphrodisia s l a AFI	Aphrodisia votum solvit libens animo AFI	lapis		36.60005	10.1820304			http://db.edcs.eu/epigr/partner.php?s_language=en&param=HD048104			
EDCS-21000591	AE 2000, 01707a	Africa proconsularis	Oudna, Hr. / Udhnah / Uthina	51	200	51	200		Urs[	Urs	Urs	lapis		36.60005	10.1820304			http://db.edcs.eu/epigr/partner.php?s_language=en&param=HD048105			51 to 200
EDCS-21000592	AE 2000, 01707b	Africa proconsularis	Oudna, Hr. / Udhnah / Uthina	51	200	51	200		] munerari[	munerari	munerari	lapis		36.60005	10.1820304			http://db.edcs.eu/epigr/partner.php?s_language=en&param=HD048106			51 to 200
EDCS-21000593	AE 2000, 01707c	Africa proconsularis	Oudna, Hr. / Udhnah / Uthina	51	200	51	200		] TRO[3]IS in sin[g]ulares	TRO IS in sin ulares	TRO IS in singulares	lapis		36.60005	10.1820304			http://db.edcs.eu/epigr/partner.php?s_language=en&param=HD048107			51 to 200
EDCS-21000594	AE 2000, 01708	Africa proconsularis	Oudna, Hr. / Udhnah / Uthina					tituli sepulcrales;  viri	]ac[3] / Hor(atia) [3]on[3 v(ixit)] a(nnos) LXV[	ac Hor on a LXV	ac Horatia on vixit annos LXV	lapis		36.60005	10.1820304			http://db.edcs.eu/epigr/partner.php?s_language=en&param=HD048108			
EDCS-21000595	AE 2000, 01709	Africa proconsularis	Oudna, Hr. / Udhnah / Uthina					sacerdotes pagani;  tituli honorarii;  viri	]D[3]S[3] / [3 ob] hono[rem f]lam[oni(i)] / [3]rea[3]ris a[3] / [3]um[	D S hono lam rea ris a um	D S ob honorem flamonii rea ris a um	lapis		36.60005	10.1820304			http://db.edcs.eu/epigr/partner.php?s_language=en&param=HD048109			
EDCS-21000596	AE 2000, 01710	Africa proconsularis	Oudna, Hr. / Udhnah / Uthina					ordo senatorius;  viri	] quaest[or 3] / [3]T[	quaest T	quaestor T	lapis		36.60005	10.1820304			http://db.edcs.eu/epigr/partner.php?s_language=en&param=HD048110			
EDCS-21000597	AE 2000, 01711	Africa proconsularis	Oudna, Hr. / Udhnah / Uthina	102	123	102	123	Augusti/Augustae;  mulieres;  sigilla impressa;  tituli fabricationis;  tria nomina;  viri	T(iti) Camidie(ni) Atime[t(i) do]l(iare) / ex pr(aediis) Pl(otinae) Aug(ustae)	T Camidie Atime l ex pr Pl Aug	Titi Camidieni Atimeti doliare ex praediis Plotinae Augustae	opus figlinae		36.60005	10.1820304			http://db.edcs.eu/epigr/partner.php?s_language=en&param=HD048111			102 to 123
EDCS-21000598	AE 2000, 01712	Africa proconsularis	Oudna, Hr. / Udhnah / Uthina	135	135	135	135	Augusti/Augustae;  mulieres;  sigilla impressa;  tituli fabricationis;  tria nomina;  viri	Op(us) dol(iare) ex pr(aediis) Dom(itiae) Lucil[lae F(lavi) Prob(i)] / Pont(iano) et Atilian(o) / co(n)s(ulibus)	Op dol ex pr Dom Lucil Pont et Atilian cos	Opus doliare ex praediis Domitiae Lucillae Flavi Probi Pontiano et Atiliano consulibus	lapis		36.60005	10.1820304			http://db.edcs.eu/epigr/partner.php?s_language=en&param=HD048112			135 to 135
EDCS-21000599	AE 2000, 01713	Africa proconsularis	Oudna, Hr. / Udhnah / Uthina						VIII Idus / LVI III / G	VIII Idus LVI III G	VIII Idus LVI III G	lapis		36.60005	10.1820304			http://db.edcs.eu/epigr/partner.php?s_language=en&param=HD048113			
EDCS-21000600	AE 2000, 01714	Africa proconsularis	Oudna, Hr. / Udhnah / Uthina					ordo decurionum;  viri	] duo<v=B>iral(ic) V[	duoBiral V	duoviralic V	lapis		36.60005	10.1820304			http://db.edcs.eu/epigr/partner.php?s_language=en&param=HD048114			
EDCS-21000601	AE 2000, 01715	Africa proconsularis	Oudna, Hr. / Udhnah / Uthina					tituli operum;  tria nomina;  viri	vetus]tate sordebat / [3] Q(uinti) Senti Fabrici / [Iuliani 3 cur]atore r(ei) p(ublicae) cum / [	vetustate sordebat Q Senti Fabrici atore r p cum	vetustate sordebat Quinti Senti Fabrici Iuliani curatore rei publicae cum	lapis		36.60005	10.1820304			http://db.edcs.eu/epigr/partner.php?s_language=en&param=HD048115			
EDCS-21000602	AE 2000, 01716 = Hugenberg-2005, 00034	Africa proconsularis	Oudna, Hr. / Udhnah / Uthina	216	217	216	217	Augusti/Augustae;  miliaria;  viri	Parth(icus)] / max(imus) [Brit(annicus)] max(imus) [Germ(anicus) m]ax(imus) p(ontifex) m(aximus) / trib(unicia) potestat(e) X[X] imp(erator) III co(n)s(ul) IIII / p(ater) p(atriae) restituit / VII	Parth max max ax p m trib potestat X imp III cos IIII p p restituit VII	Parthicus maximus Britannicus maximus Germanicus maximus pontifex maximus tribunicia potestate XX imperator III consul IIII pater patriae restituit VII	lapis		36.60005	10.1820304			http://db.edcs.eu/epigr/partner.php?s_language=en&param=HD048116			216 to 217
EDCS-21000603	AE 2000, 01717	Africa proconsularis	Oudna, Hr. / Udhnah / Uthina					sacerdotes pagani;  tituli sacri;  tria nomina;  viri	Domino / Saturno sacrum / Cetronius Saturninus / sacerdos et de grege / solvit libe(n)s animo	Domino Saturno sacrum Cetronius Saturninus sacerdos et de grege solvit libes animo	Domino Saturno sacrum Cetronius Saturninus sacerdos et de grege solvit libens animo	lapis		36.60005	10.1820304			http://db.edcs.eu/epigr/partner.php?s_language=en&param=HD048117			
EDCS-46700166	AE 2007, 01720	Africa proconsularis	Oudna, Hr. / Udhnah / Uthina					tria nomina;  viri	M(arco) Voltio L(uci) f(ilio) Hor(atia) Certo	M Voltio L f Hor Certo	Marco Voltio Luci filio Horatia Certo	lapis		36.60005	10.1820304						
EDCS-64100012	AE 2011, 01679	Africa proconsularis	Oudna, Hr. / Udhnah / Uthina					ordo senatorius;  tituli honorarii;  tria nomina;  viri	] / A[3] / [3]P[3] / [3]LE[3 c]o(n)s(ule) pro[co(n)s(ule) prov(inciae) Africae] / [3 Acil]io [3 Coelio] Sparso [leg(ato) prov(inciae)]	A P LE os pro io Sparso	A P LE consule proconsule provinciae Africae Acilio Coelio Sparso legato provinciae	lapis		36.60005	10.1820304						
EDCS-69200564	AE 2013, 02133	Africa proconsularis	Oudna, Hr. / Udhnah / Uthina					sigilla impressa;  tituli fabricationis;  tria nomina;  viri	[C(naei)] D(omiti) A(mandi) / [Cn(aei) Domiti] Amandi	D A Amandi	Cnaei Domiti Amandi Cnaei Domiti Amandi	opus figlinae		36.60005	10.1820304						
EDCS-69200565	AE 2013, 02134	Africa proconsularis	Oudna, Hr. / Udhnah / Uthina	101	200	101	200	tituli honorarii;  tituli operum	]/ [o]b honorarium / [summam(?) 3]trum theatr[i]	b honorarium trum theatr	ob honorarium summam trum theatri			36.60005	10.1820304						101 to 200
EDCS-44200346	BCTH-1907-CCXXI = Hugenberg-2005, 00031	Africa proconsularis	Oudna, Hr. / Udhnah / Uthina	237	237	237	237	Augusti/Augustae;  miliaria;  tituli operum;  viri	Imp(erator) Caes(ar) C(aius) Iulius Verus Maximinus / Pius Fel(ix) Aug(ustus) Germ(anicus) max(imus) Sarm(aticus) max(imus) / Dac(icus) max(imus) pont(ifex) max(imus) trib(unicia) pot(estate) III / imp(erator) V et C(aius) Iulius Verus Maximus / nobil(lissimus) Caes(ar) / princ(eps) iuventutis / Germ(anicus) max(imus) Sarm(aticus) max(imus) / Dac(icus) max(imus) / viam a Karthag(ine) usque ad fines / Numidiae provinciae longa in/curia corruptam atq(ue) dilap/sam restituerunt / I	Imp Caes C Iulius Verus Maximinus Pius Fel Aug Germ max Sarm max Dac max pont max trib pot III imp V et C Iulius Verus Maximus nobil Caes princ iuventutis Germ max Sarm max Dac max viam a Karthag us que ad fines Numidiae provinciae longa incuria corruptam atq dilapsam restituerunt I	Imperator Caesar Caius Iulius Verus Maximinus Pius Felix Augustus Germanicus maximus Sarmaticus maximus Dacicus maximus pontifex maximus tribunicia potestate III imperator V et Caius Iulius Verus Maximus nobillissimus Caesar princeps iuventutis Germanicus maximus Sarmaticus maximus Dacicus maximus viam a Karthagine us que ad fines Numidiae provinciae longa incuria corruptam at que dilapsam restituerunt I	lapis		36.60005	10.1820304						237 to 237
EDCS-53701591	BE 00702 = AE 2016, 01848	Africa proconsularis	Oudna, Hr. / Udhnah / Uthina	501	600	501	600	inscriptiones christianae	Ego sum panis vivus qui de c(a)elo descendi	Ego sum panis vivus qui de celo descendi	Ego sum panis vivus qui de caelo descendi	opus figlinae		36.60005	10.1820304						501 to 600
EDCS-17700380	CIL 08, 00886 (p 1275) = Uthina-01, 00026	Africa proconsularis	Oudna, Hr. / Udhnah / Uthina					tria nomina;  viri	Publius C(ai) f(ilius) Norba[3] / centu[3] trib[3] / [3]ND[3] / [3]pedicat[3] / d(ecreto) d(ecurionum) p(ecunia) [p(ublica)]	Publius C f Norba centu trib ND pedicat d d p	Publius Cai filius Norba centu trib ND pedicat decreto decurionum pecunia publica	lapis		36.60005	10.1820304			http://db.edcs.eu/epigr/partner.php?s_language=en&param=Z00886.htm			
EDCS-26400671	CIL 08, 10521 (p 1275) = Uthina-01, 00034 = ILTun-01, 00758 = Louvre 00742	Africa proconsularis	Oudna, Hr. / Udhnah / Uthina					tituli sepulcrales;  tria nomina;  viri	Marcus / Aurelis / Pius Felix / vixit an(n)is / XXII	Marcus Aurelis Pius Felix vixit anis XXII	Marcus Aurelis Pius Felix vixit annis XXII	lapis		36.60005	10.1820304			http://db.edcs.eu/epigr/partner.php?s_language=en&param=bu_CIL%26bibl_volume=8%26bibl_subvolume=%26bibl_insc=10521			
EDCS-27000161	CIL 08, 22644,017	Africa proconsularis	Oudna, Hr. / Udhnah / Uthina					sigilla impressa;  tituli fabricationis	R A S	R A S	R A S	opus figlinae		36.60005	10.1820304						
EDCS-27000162	CIL 08, 22644,042h	Africa proconsularis	Oudna, Hr. / Udhnah / Uthina					sigilla impressa;  tituli fabricationis;  tria nomina;  viri	Aufi Fron()	Aufi Fron	Aufi Fron	opus figlinae		36.60005	10.1820304						
EDCS-27000163	CIL 08, 22644,042i	Africa proconsularis	Oudna, Hr. / Udhnah / Uthina					sigilla impressa;  tituli fabricationis;  tria nomina;  viri	Aufi Fron()	Aufi Fron	Aufi Fron	opus figlinae		36.60005	10.1820304						
EDCS-27600543	CIL 08, 22644,126	Africa proconsularis	Oudna, Hr. / Udhnah / Uthina					mulieres;  nomen singulare;  sigilla impressa;  tituli fabricationis	C(aius) Hel(vius)	C Hel	Caius Helvius	opus figlinae		36.60005	10.1820304						
EDCS-27600544	CIL 08, 22644,276t	Africa proconsularis	Oudna, Hr. / Udhnah / Uthina					nomen singulare;  sigilla impressa;  tituli fabricationis;  viri	Pullaeni	Pullaeni	Pullaeni	opus figlinae		36.60005	10.1820304						
EDCS-30400037	CIL 08, 22644,276u	Africa proconsularis	Oudna, Hr. / Udhnah / Uthina					nomen singulare;  sigilla impressa;  tituli fabricationis;  viri	Pullaeni	Pullaeni	Pullaeni	opus figlinae		36.60005	10.1820304						
EDCS-27600545	CIL 08, 22644,420f	Africa proconsularis	Oudna, Hr. / Udhnah / Uthina					sigilla impressa;  tituli fabricationis	A	A	A	opus figlinae		36.60005	10.1820304						
EDCS-27600546	CIL 08, 22644,430b	Africa proconsularis	Oudna, Hr. / Udhnah / Uthina					sigilla impressa;  tituli fabricationis	V	V	V	opus figlinae		36.60005	10.1820304						
EDCS-33600258	CIL 08, 22645,490a	Africa proconsularis	Oudna, Hr. / Udhnah / Uthina					sigilla impressa;  tituli fabricationis;  tituli sacri	Deo	Deo	Deo	opus figlinae		36.60005	10.1820304						
EDCS-33600259	CIL 08, 22645,490b	Africa proconsularis	Oudna, Hr. / Udhnah / Uthina					sigilla impressa;  tituli fabricationis	DO	DO	DO	opus figlinae		36.60005	10.1820304						
EDCS-33600260	CIL 08, 22646,05	Africa proconsularis	Oudna, Hr. / Udhnah / Uthina					sigilla impressa;  tituli fabricationis	Ex of(ficina) [3] / AABIS[3]	Ex of AABIS	Ex officina AABIS	opus figlinae		36.60005	10.1820304						
EDCS-33600261	CIL 08, 22646,08	Africa proconsularis	Oudna, Hr. / Udhnah / Uthina					nomen singulare;  sigilla impressa;  tituli fabricationis	Per()	Per	Per	opus figlinae		36.60005	10.1820304						
EDCS-33600262	CIL 08, 22646,09	Africa proconsularis	Oudna, Hr. / Udhnah / Uthina					nomen singulare;  sigilla impressa;  tituli fabricationis;  viri	Rena/ti	Renati	Renati	opus figlinae		36.60005	10.1820304						
EDCS-24501142	CIL 08, 24011 = ILTun-01, 00759 = Uthina-01, 00002 = Saturne-01, p 103	Africa proconsularis	Oudna, Hr. / Udhnah / Uthina					sacerdotes pagani;  tituli sacri;  tria nomina;  viri	S(aturno) d(eo) s(acrum) / D(ecimus) Insteiu/s Merian/us sacer(dos) / v(otum) s(olvit) l(ibens) a(nimo)	S d s D Insteius Merianus sacer v s l a	Saturno deo sacrum Decimus Insteius Merianus sacerdos votum solvit libens animo	lapis		36.60005	10.1820304						
EDCS-24501143	CIL 08, 24012 = Uthina-01, 00011	Africa proconsularis	Oudna, Hr. / Udhnah / Uthina					Augusti/Augustae;  tituli honorarii;  viri	[I]mp(eratori) [Caes(ari) 3] / [3]i Hadriani [	mp i Hadriani	Imperatori Caesari i Hadriani	lapis		36.60005	10.1820304						
EDCS-24501144	CIL 08, 24013 = Uthina-01, 00013	Africa proconsularis	Oudna, Hr. / Udhnah / Uthina					Augusti/Augustae;  tituli honorarii;  viri	Caesa]ris [3] / [3 Perti]na[cis	Caesaris nacis	Caesaris Pertinacis	lapis		36.60005	10.1820304						
EDCS-24501145	CIL 08, 24014 = Uthina-01, 00015 = Uthina-02, p 23	Africa proconsularis	Oudna, Hr. / Udhnah / Uthina					Augusti/Augustae;  tituli honorarii;  tituli sacri;  viri	] / [Septim]i Severi Pii Per[tinacis 3 fil(io)] / [divi H]adriani abn[epot(i)	i Severi Pii Per adriani abnepot	Septimi Severi Pii Pertinacis filio divi Hadriani abnepoti	lapis		36.60005	10.1820304						
EDCS-24501146	CIL 08, 24015 = ILPBardo 00398 = Uthina-01, 00016	Africa proconsularis	Oudna, Hr. / Udhnah / Uthina					ordo senatorius;  tituli honorarii;  viri	Sa]lonino / [3] co(n)s(uli) c(larissimo) v(iro) / [3 colonia Iulia Ut]hina [	Salonino cos c v hina	Salonino consuli clarissimo viro colonia Iulia Uthina	lapis		36.60005	10.1820304		http://db.edcs.eu/epigr/bilder.php?bilder.php?s_language=en&bild=$ILPBardo_00398.jpg				
EDCS-24501147	CIL 08, 24016 = Uthina-01, 00046 = AE 1960, 00132 = AE 1961, 00052	Africa proconsularis	Oudna, Hr. / Udhnah / Uthina					tituli honorarii;  tituli operum;  viri	] facundi [3] / [3]mque provincialium testimonii / [3] defensor absolvit quantorum hic / [3]ilitis onerabat expensa nec mirum vid/[ebitur 3]lo propositum conlocate statu/[am(?) 3]udite legant posteri legant pr/[3 q]ui aemulari voluerit quod laudabi/[tur	facundi m que provincialium testimonii defensor absolvit quantorum hic ilitis onerabat expensa nec mirum vid lo propositum conlocate statu udite legant posteri legant pr ui aemulari voluerit quod laudabitur	facundi m que provincialium testimonii defensor absolvit quantorum hic ilitis onerabat expensa nec mirum videbitur lo propositum conlocate statuam udite legant posteri legant pr qui aemulari voluerit quod laudabitur	lapis		36.60005	10.1820304			http://db.edcs.eu/epigr/partner.php?s_language=en&param=HD018793			
EDCS-24501148	CIL 08, 24017 = Uthina-01, 00027	Africa proconsularis	Oudna, Hr. / Udhnah / Uthina					Augusti/Augustae;  ordo equester;  sacerdotes pagani;  tituli honorarii;  tria nomina;  viri	C(aio) Egnatio Cosmino / Hor(atia) Viniciano / C(ai) Egnati Cosmini fl(aminis) perp(etui) / filio adlecto equo publ(ico) ab / Imp(eratore) Hadriano ob meritum / patris eius qui inter cetera / quae rei p(ublicae) testamento suo / legavit etiam curi(i)s singulis / annuos |(denarios) LXXV dedit ut natali / eius in publico vescantur / curiae universae s(ua) p(ecunia) f(ecerunt)	C Egnatio Cosmino Hor Viniciano C Egnati Cosmini fl perp filio adlecto equo publ ab Imp Hadriano ob meritum patris eius qui inter cetera quae rei p testamento suo legavit etiam curis singulis annuos LXXV dedit ut natali eius in publico vescantur curiae universae s p f	Caio Egnatio Cosmino Horatia Viniciano Cai Egnati Cosmini flaminis perpetui filio adlecto equo publico ab Imperatore Hadriano ob meritum patris eius qui inter cetera quae rei publicae testamento suo legavit etiam curiis singulis annuos denarios LXXV dedit ut natali eius in publico vescantur curiae universae sua pecunia fecerunt	lapis		36.60005	10.1820304		http://db.edcs.eu/epigr/bilder.php?bilder.php?s_language=en&bild=$JL_CIL_08_24017.jpg				
EDCS-24501149	CIL 08, 24018 = Uthina-01, 00028	Africa proconsularis	Oudna, Hr. / Udhnah / Uthina					mulieres;  sacerdotes pagani;  tituli honorarii;  tria nomina;  viri	Egnatiae C(ai) filiae / Honorata[e] / Q(uinti) Cassi Fronton[is] / Iustiani fl(aminis) p(erpetui) uxori / d(ecreto) d(ecurionum) p(ecunia) p(ublica)	Egnatiae C filiae Honorata Q Cassi Fronton Iustiani fl p uxori d d p p	Egnatiae Cai filiae Honoratae Quinti Cassi Frontonis Iustiani flaminis perpetui uxori decreto decurionum pecunia publica	lapis		36.60005	10.1820304		http://db.edcs.eu/epigr/bilder.php?bilder.php?s_language=en&bild=$JL_CIL_08_24018.jpg				
EDCS-24501150	CIL 08, 24019 = Uthina-01, 00035	Africa proconsularis	Oudna, Hr. / Udhnah / Uthina					nomen singulare;  tituli operum;  tria nomina;  viri	Masuri // In praedi(i)s Laberiorum Laberiani et Paulini // Masuri	Masuri In praedis Laberiorum Laberiani et Paulini Masuri	Masuri In praediis Laberiorum Laberiani et Paulini Masuri	musivum		36.60005	10.1820304		http://db.edcs.eu/epigr/bilder.php?bilder.php?s_language=en&bild=$CIL_08_24019.jpg				
EDCS-24501151	CIL 08, 24020 = ILTun-01, 00760 = Uthina-01, 00040	Africa proconsularis	Oudna, Hr. / Udhnah / Uthina					mulieres;  nomen singulare;  viri	Ederatus Mustela	Ederatus Mustela	Ederatus Mustela	musivum		36.60005	10.1820304		http://db.edcs.eu/epigr/bilder.php?bilder.php?s_language=en&bild=$CIL_08_24020_1.jpg				
EDCS-24501152	CIL 08, 24021a = Uthina-01, 00037	Africa proconsularis	Oudna, Hr. / Udhnah / Uthina					nomen singulare;  viri	Industri	Industri	Industri	musivum		36.60005	10.1820304		http://db.edcs.eu/epigr/bilder.php?bilder.php?s_language=en&bild=$CIL_08_24021a.jpg				
EDCS-24501153	CIL 08, 24021b = Uthina-01, 00036	Africa proconsularis	Oudna, Hr. / Udhnah / Uthina					nomen singulare;  sigilla impressa;  tituli fabricationis;  viri	Industri	Industri	Industri	musivum		36.60005	10.1820304						
EDCS-24501154	CIL 08, 24022 = Uthina-01, 00039	Africa proconsularis	Oudna, Hr. / Udhnah / Uthina						Oes Aes	Oes Aes	Oes Aes	musivum		36.60005	10.1820304						
EDCS-24501155	CIL 08, 24023 = ILTun-01, 00761 = Uthina-01, 00038 = AE 2012, +01856	Africa proconsularis	Oudna, Hr. / Udhnah / Uthina	201	300	201	300	nomen singulare;  viri	Myro // Fructus // Victor	Myro Fructus Victor	Myro Fructus Victor	musivum		36.60005	10.1820304		http://db.edcs.eu/epigr/bilder.php?bilder.php?s_language=en&bild=$CIL_08_24023.jpg				201 to 300
EDCS-24501156	CIL 08, 24024 = Uthina-01, 00032	Africa proconsularis	Oudna, Hr. / Udhnah / Uthina					tria nomina;  viri	Q(uinto) Billeno Q(uinti) fil[io] / Helvio Vale[3] / AT[3]V[	Q Billeno Q fil Helvio Vale AT V	Quinto Billeno Quinti filio Helvio Vale AT V	lapis		36.60005	10.1820304						
EDCS-24501157	CIL 08, 24025	Africa proconsularis	Oudna, Hr. / Udhnah / Uthina						] Vac[3] / [f]ecerunt [	Vac ecerunt	Vac fecerunt	lapis		36.60005	10.1820304		http://db.edcs.eu/epigr/bilder.php?bilder.php?s_language=en&bild=$CIL_08_25425.jpg;$CIL_08_25425_1.jpg				
EDCS-24501158	CIL 08, 24026	Africa proconsularis	Oudna, Hr. / Udhnah / Uthina						]LA[3] / [3]P[	LA P	LA P	lapis		36.60005	10.1820304		http://db.edcs.eu/epigr/bilder.php?bilder.php?s_language=en&bild=$CIL_08_25426.jpg				
EDCS-24501159	CIL 08, 24027	Africa proconsularis	Oudna, Hr. / Udhnah / Uthina						]OR[3] / [3]AVI[	OR AVI	OR AVI	lapis		36.60005	10.1820304						
EDCS-24501160	CIL 08, 24028	Africa proconsularis	Oudna, Hr. / Udhnah / Uthina						]VLI[	VLI	VLI	lapis		36.60005	10.1820304						
EDCS-24501161	CIL 08, 24029 = ILCV 03321 = Uthina-01, 00047	Africa proconsularis	Oudna, Hr. / Udhnah / Uthina					inscriptiones christianae;  tituli sepulcrales;  tria nomina;  viri	Vincenti Optati / in pace / red(ditio) pr(idie) Kal(endas) Nov(embres)	Vincenti Optati in pace red pr Kal Nov	Vincenti Optati in pace redditio pridie Kalendas Novembres	lapis		36.60005	10.1820304						
EDCS-08600983	ILTun-01, 00762a = ILPBardo 00523 = Uthina-01, 00044 = Uthina-02, 00161	Africa proconsularis	Oudna, Hr. / Udhnah / Uthina					tria nomina;  viri	] Gelli[us 3] / [3]M[3] / [3]CSP[3] // [3] Piralici Arrunti Luciano	Gelli M CSP Piralici Arrunti Luciano	Gellius M CSP Piralici Arrunti Luciano	lapis		36.60005	10.1820304						
EDCS-08600984	ILTun-01, 00762b = ILPBardo 00399 = Uthina-01, 00033	Africa proconsularis	Oudna, Hr. / Udhnah / Uthina					mulieres;  tituli sepulcrales;  tria nomina;  viri	Vereiae Lucidae uxoris castissimae / ac sanctissimae matris piissimae / Q(uintus) Bellenus Nicephorus maritus / consecravit	Vereiae Lucidae uxoris castissimae ac sanctissimae matris piissimae Q Bellenus Nicephorus maritus consecravit	Vereiae Lucidae uxoris castissimae ac sanctissimae matris piissimae Quintus Bellenus Nicephorus maritus consecravit	lapis		36.60005	10.1820304		http://db.edcs.eu/epigr/bilder.php?bilder.php?s_language=en&bild=$ILPBardo_00399.jpg	http://db.edcs.eu/epigr/partner.php?s_language=en&param=bu_ILTun%26bibl_volume=%26bibl_subvolume=%26bibl_insc=762b			
EDCS-26201123	Uthina-01, +00040	Africa proconsularis	Oudna, Hr. / Udhnah / Uthina					Augusti/Augustae;  mulieres;  sigilla impressa;  tituli fabricationis;  tria nomina;  viri	T(iti) Camidie(ni) Atime[t(i) do]l(iare) / ex pr(aediis) Pl(otinae) Aug(ustae)	T Camidie Atime l ex pr Pl Aug	Titi Camidieni Atimeti doliare ex praediis Plotinae Augustae	opus figlinae		36.60005	10.1820304						
EDCS-26201125	Uthina-01, +00040	Africa proconsularis	Oudna, Hr. / Udhnah / Uthina	135	135	135	135	mulieres;  sigilla impressa;  tituli fabricationis;  tria nomina;  viri	Op(us) dol(iare) ex pr(aediis) Dom(itiae) Lucil[lae F(lavi) Prob(i)] / Pont(iano) et Atilian(o) / co(n)s(ulibus)	Op dol ex pr Dom Lucil Pont et Atilian cos	Opus doliare ex praediis Domitiae Lucillae Flavi Probi Pontiano et Atiliano consulibus	opus figlinae		36.60005	10.1820304						135 to 135
EDCS-26201124	Uthina-01, +00040	Africa proconsularis	Oudna, Hr. / Udhnah / Uthina					Augusti/Augustae;  mulieres;  nomen singulare;  officium/professio;  sigilla impressa;  tituli fabricationis;  viri	[E]arini Lucillae [Veri act(oris)] / dol(iare)	arini Lucillae dol	Earini Lucillae Veri actoris doliare	opus figlinae		36.60005	10.1820304						
EDCS-26201122	Uthina-01, +00040	Africa proconsularis	Oudna, Hr. / Udhnah / Uthina					Augusti/Augustae;  sigilla impressa;  tituli fabricationis;  tria nomina;  viri	Imp(eratoris) Caes(aris) Tr<a=O>(iani) (A)ug(usti) / ex figli(nis) Marc(ioanis) doli(are) / C(ai) [Calpetani Fa]v[o]ris	Imp Caes TrO ug ex figli Marc doli C v ris	Imperatoris Caesaris Traiani Augusti ex figlinis Marcioanis doliare Cai Calpetani Favoris	opus figlinae		36.60005	10.1820304						
EDCS-26500882	Uthina-02, 00051 = AfrRom-19-2146 = ZPE-178-285 = AE 2004, 01817 = AE 2011, +01677 = AE 2012, +00134 = AE 2012, +01827	Africa proconsularis	Oudna, Hr. / Udhnah / Uthina	-44	-27	-44	-27	ordo decurionum;  praenomen et nomen;  tituli operum;  tituli sacri;  viri	C(aius) Marius C(ai) [f(ilius)] / aedilis signum / Aequitatis sacrum / de sua pe<c=Q>unia ex d(ecreto) d(ecurionum) / faciundum curavit	C Marius C aedilis signum Aequitatis sacrum de sua peQunia ex d d faciundum curavit	Caius Marius Cai filius aedilis signum Aequitatis sacrum de sua pecunia ex decreto decurionum faciundum curavit	lapis		36.60005	10.1820304			http://db.edcs.eu/epigr/partner.php?s_language=en&param=HD052461			-44 to -27
EDCS-26500883	Uthina-02, 00052	Africa proconsularis	Oudna, Hr. / Udhnah / Uthina						]DR[	DR	DR	lapis		36.60005	10.1820304						
EDCS-26500884	Uthina-02, 00053	Africa proconsularis	Oudna, Hr. / Udhnah / Uthina						]elio / [3] Aug(usto) [	elio Aug	elio Augusto	lapis		36.60005	10.1820304						
EDCS-26500885	Uthina-02, 00054 = AE 2004, 01818	Africa proconsularis	Oudna, Hr. / Udhnah / Uthina	198	211	198	211	Augusti/Augustae;  tituli honorarii;  tituli sacri;  viri	[P]ro s[al]ute [Imp(eratoris) Caes(aris) L(uci) Septimi Severi Pertinaci Aug(usti)] Arab(ici) / Adiab(enici) Part(hici) max(imi) [3] p(atris) p(atriae) [ // ]M[3] / [3]IN[ // ]ON[	ro s ute Arab Adiab Part max p p M IN ON	Pro salute Imperatoris Caesaris Luci Septimi Severi Pertinaci Augusti Arabici Adiabenici Parthici maximi patris patriae M IN ON	lapis		36.60005	10.1820304			http://db.edcs.eu/epigr/partner.php?s_language=en&param=HD052462			198 to 211
EDCS-26500886	Uthina-02, 00055 = AE 2004, 01819	Africa proconsularis	Oudna, Hr. / Udhnah / Uthina	196	222	196	222	Augusti/Augustae;  tituli honorarii;  viri	] Sextius R[3] / Aurelio Ant[onino	Sextius R Aurelio Antonino	Sextius R Aurelio Antonino	lapis		36.60005	10.1820304			http://db.edcs.eu/epigr/partner.php?s_language=en&param=HD052463			196 to 222
EDCS-26500887	Uthina-02, 00056	Africa proconsularis	Oudna, Hr. / Udhnah / Uthina					Augusti/Augustae;  tituli honorarii;  viri	] M(arco) Aur[elio	M Aurelio	Marco Aurelio	lapis		36.60005	10.1820304						
EDCS-26500888	Uthina-02, 00057	Africa proconsularis	Oudna, Hr. / Udhnah / Uthina					Augusti/Augustae;  tituli honorarii;  viri	] fortissi[mo	fortissimo	fortissimo	lapis		36.60005	10.1820304						
EDCS-26500889	Uthina-02, 00058	Africa proconsularis	Oudna, Hr. / Udhnah / Uthina					Augusti/Augustae;  tituli honorarii;  viri	]i abn[epoti 3] / [3 pr]oco(n)s(uli) [ // ]to[	i abn ocos to	i abnepoti proconsuli to	lapis		36.60005	10.1820304						
EDCS-26500890	Uthina-02, 00059	Africa proconsularis	Oudna, Hr. / Udhnah / Uthina					Augusti/Augustae;  tituli honorarii;  viri	fort]issimo [3] / [3]S[	fortissimo S	fortissimo S	lapis		36.60005	10.1820304						
EDCS-26500891	Uthina-02, 00060	Africa proconsularis	Oudna, Hr. / Udhnah / Uthina					Augusti/Augustae;  tituli honorarii;  viri	] Caes(ar) [	Caes	Caesar	lapis		36.60005	10.1820304						
EDCS-26500892	Uthina-02, 00061	Africa proconsularis	Oudna, Hr. / Udhnah / Uthina					Augusti/Augustae;  tituli honorarii;  viri	A]ug[ustus(?)	Augustus	Augustus	lapis		36.60005	10.1820304						
EDCS-26500893	Uthina-02, 00062	Africa proconsularis	Oudna, Hr. / Udhnah / Uthina					Augusti/Augustae;  tituli honorarii;  viri	A]ug[ustus(?)	Augustus	Augustus	lapis		36.60005	10.1820304						
EDCS-26500894	Uthina-02, 00063	Africa proconsularis	Oudna, Hr. / Udhnah / Uthina					Augusti/Augustae;  tituli honorarii;  viri	] Aug(ustus?)	Aug	Augustus	lapis		36.60005	10.1820304						
EDCS-26500895	Uthina-02, 00064	Africa proconsularis	Oudna, Hr. / Udhnah / Uthina					Augusti/Augustae;  tituli honorarii;  viri	nep]oti [	nepoti	nepoti	lapis		36.60005	10.1820304						
EDCS-26500896	Uthina-02, 00065	Africa proconsularis	Oudna, Hr. / Udhnah / Uthina					Augusti/Augustae;  tituli honorarii;  viri	] Ger[manicus(?)	Germanicus	Germanicus	lapis		36.60005	10.1820304						
EDCS-26500897	Uthina-02, 00066	Africa proconsularis	Oudna, Hr. / Udhnah / Uthina					Augusti/Augustae;  tituli honorarii;  viri	]s / [3] Germ[anicus(?)	s Germanicus	s Germanicus	lapis		36.60005	10.1820304						
EDCS-26500898	Uthina-02, 00067	Africa proconsularis	Oudna, Hr. / Udhnah / Uthina					Augusti/Augustae;  tituli honorarii;  viri	] Germ[anicus(?)	Germanicus	Germanicus	lapis		36.60005	10.1820304						
EDCS-26500899	Uthina-02, 00068	Africa proconsularis	Oudna, Hr. / Udhnah / Uthina					Augusti/Augustae;  tituli honorarii;  viri	m]axim[o] / [3]o	maxim o	maximo o	lapis		36.60005	10.1820304						
EDCS-26500900	Uthina-02, 00069	Africa proconsularis	Oudna, Hr. / Udhnah / Uthina						XX[3] / VI[	XX VI	XX VI	lapis		36.60005	10.1820304						
EDCS-26500901	Uthina-02, 00070	Africa proconsularis	Oudna, Hr. / Udhnah / Uthina					Augusti/Augustae;  tituli honorarii;  viri	]M / [3] p(atri) p(atriae) co(n)[s(uli) 3] / [3]o ma[	M p p co o ma	M patri patriae consuli o ma	lapis		36.60005	10.1820304						
EDCS-26500902	Uthina-02, 00071	Africa proconsularis	Oudna, Hr. / Udhnah / Uthina					Augusti/Augustae;  tituli honorarii;  tituli sacri;  viri	] devot[a	devota	devota	lapis		36.60005	10.1820304						
EDCS-26500903	Uthina-02, 00072	Africa proconsularis	Oudna, Hr. / Udhnah / Uthina						]NI[	NI	NI	lapis		36.60005	10.1820304						
EDCS-26500904	Uthina-02, 00073,1	Africa proconsularis	Oudna, Hr. / Udhnah / Uthina						]vae / [3]VA[	vae VA	vae VA	lapis		36.60005	10.1820304						
EDCS-26500905	Uthina-02, 00073,2 = SCIVA-2009-322 = AE 2004, 01820 = AntAfr-2022-144,27	Africa proconsularis	Oudna, Hr. / Udhnah / Uthina	151	250	151	250	ordo equester;  ordo senatorius;  tituli honorarii;  tituli operum;  tituli sacri;  viri	tr]ium Dacia[rum 3] / [3 praepo]sito vexill[ationibus 3] / [3 aed]em Mart[is	trium Dacia sito vexill em Martis	trium Daciarum praeposito vexillationibus aedem Martis	lapis		36.60005	10.1820304			http://db.edcs.eu/epigr/partner.php?s_language=en&param=HD052464			151 to 250
EDCS-26500906	Uthina-02, 00074 = ZPE-178-290 = AE 2004, 01821 = AE 2011, +01678	Africa proconsularis	Oudna, Hr. / Udhnah / Uthina	117	138	117	138	Augusti/Augustae;  ordo equester;  sacerdotes pagani;  tituli honorarii;  viri	]D[3] / [3 equo] publ(ico) ab / Im[p(eratore) C]a[es(are) H]adriano / Aug(usto) fl(amen) [p]erp(etuus) o[b l]iber(alitatem) / HS CCCL(milium) Syllae p(osuit) d(ecreto) d(ecurionum) p(ecunia) p(ublica)	D publ ab Im a adriano Aug fl erp o iber HS CCCL Syllae p d d p p	D equo publico ab Imperatore Caesare Hadriano Augusto flamen perpetuus ob liberalitatem HS CCCLmilium Syllae posuit decreto decurionum pecunia publica	lapis		36.60005	10.1820304		http://db.edcs.eu/epigr/bilder.php?bilder.php?s_language=en&bild=$JL_AE_2004_01821.jpg	http://db.edcs.eu/epigr/partner.php?s_language=en&param=HD052465			117 to 138
EDCS-26500907	Uthina-02, 00075	Africa proconsularis	Oudna, Hr. / Udhnah / Uthina					milites;  ordo decurionum;  viri	] / coh[ortis 3] / cur[ator	coh curator	cohortis curator	lapis		36.60005	10.1820304						
EDCS-26500908	Uthina-02, 00076 = AE 2004, 01822	Africa proconsularis	Oudna, Hr. / Udhnah / Uthina	197	198	197	198	Augusti/Augustae;  tituli honorarii;  viri	] Augusto [sac]ru[m] / [pro sal(ute) Imp(eratoris) Caes(aris) L(uci)] / [Septimi Sever]i Pii Pertinaci[s Aug(usti)] A[rabici] / [ Adiab(enici) Parth(ici) max(imi) pont(ificis) max(imi) trib(unicia) p]ot(estate) VI / imp(eratoris) XI co(n)s(ulis) [II p(atris) p(atriae) proco(n)s(ulis) et Imp(eratoris) Caes(aris) Aug(usti) f(ilii)] / [M(arci) Aureli Antonini Pii Aug(usti)] Parth(ici) / imp(eratoris) [3]II p[roco(n)s(ulis) 3] c(olonia) I(ulia) F(elix) U(thina) [ // i]nstrumenta [3]/n clientell[3]co[3] / domus tutos[3] / colonia I[ulia 3] / Constan[3] / [6] / felix [3]ci mem[3] / d[e]dit	Augusto ru i Pii Pertinaci A ot VI imp XI cos Parth imp II p c I F U nstrumenta n clientell co domus tutos colonia I Constan felix ci mem d dit	Augusto sacrum pro salute Imperatoris Caesaris Luci Septimi Severi Pii Pertinacis Augusti Arabici Adiabenici Parthici maximi pontificis maximi tribunicia potestate VI imperatoris XI consulis II patris patriae proconsulis et Imperatoris Caesaris Augusti filii Marci Aureli Antonini Pii Augusti Parthici imperatoris II proconsulis colonia Iulia Felix Uthina instrumenta n clientell co domus tutos colonia Iulia Constan felix ci mem dedit	lapis		36.60005	10.1820304			http://db.edcs.eu/epigr/partner.php?s_language=en&param=HD052487			197 to 198
EDCS-26500909	Uthina-02, 00077 = AE 2004, 01823	Africa proconsularis	Oudna, Hr. / Udhnah / Uthina						XIII	XIII	XIII	lapis		36.60005	10.1820304			http://db.edcs.eu/epigr/partner.php?s_language=en&param=HD052488			
EDCS-26500910	Uthina-02, 00078 = AE 2004, 01824	Africa proconsularis	Oudna, Hr. / Udhnah / Uthina					ordo decurionum	]dim[3] / [3 Uthi]na d(ecreto) d(ecurionum) p(ecunia) [p(ublica)	dim na d d p p	dim Uthina decreto decurionum pecunia publica	lapis		36.60005	10.1820304			http://db.edcs.eu/epigr/partner.php?s_language=en&param=HD052489			
EDCS-26500911	Uthina-02, 00079	Africa proconsularis	Oudna, Hr. / Udhnah / Uthina					viri	I(ovi) O(ptimo) [M(aximo)	I O M	Iovi Optimo Maximo	lapis		36.60005	10.1820304						
EDCS-26500912	Uthina-02, 00080	Africa proconsularis	Oudna, Hr. / Udhnah / Uthina					tituli honorarii	] ob de[dicationem(?)	ob dedicationem	ob dedicationem	lapis		36.60005	10.1820304						
EDCS-26500913	Uthina-02, 00081	Africa proconsularis	Oudna, Hr. / Udhnah / Uthina						]S / [3]M / [3]SA	S M SA	S M SA	lapis		36.60005	10.1820304						
EDCS-26500914	Uthina-02, 00082	Africa proconsularis	Oudna, Hr. / Udhnah / Uthina					viri	]R[3] / [3]egioru[m 3] / [3] et cur[ator(?)	R egioru et curator	R egiorum et curator	lapis		36.60005	10.1820304						
EDCS-26500915	Uthina-02, 00083,1	Africa proconsularis	Oudna, Hr. / Udhnah / Uthina						Fla[3] / Q[	Fla Q	Fla Q	lapis		36.60005	10.1820304						
EDCS-26500916	Uthina-02, 00083,2 = AE 2004, 01825	Africa proconsularis	Oudna, Hr. / Udhnah / Uthina					sacerdotes pagani;  tria nomina;  viri	] perpe[tuus 3] / Q[uintu]s L(uci) f(ilius) H[3] / [3]rus Au[	perpe Q s L f H rus Au	perpetuus Quintus Luci filius H rus Au	lapis		36.60005	10.1820304			http://db.edcs.eu/epigr/partner.php?s_language=en&param=HD052490			
EDCS-26500917	Uthina-02, 00083,3	Africa proconsularis	Oudna, Hr. / Udhnah / Uthina						] Pho[	Pho	Pho	lapis		36.60005	10.1820304						
EDCS-26500918	Uthina-02, 00084	Africa proconsularis	Oudna, Hr. / Udhnah / Uthina					sacerdotes pagani;  viri	]lio fl(amini) p(erpetuo)	lio fl p	lio flamini perpetuo	lapis		36.60005	10.1820304						
EDCS-26500919	Uthina-02, 00085	Africa proconsularis	Oudna, Hr. / Udhnah / Uthina						] Fla[vi	Flavi	Flavi	lapis		36.60005	10.1820304						
EDCS-26500920	Uthina-02, 00086	Africa proconsularis	Oudna, Hr. / Udhnah / Uthina					sacerdotes pagani;  viri	fla]mini[(?)	flamini	flamini	lapis		36.60005	10.1820304						
EDCS-26500921	Uthina-02, 00087	Africa proconsularis	Oudna, Hr. / Udhnah / Uthina					sacerdotes pagani;  viri	]is fla[men(?) 3] / [3]OD[	is fla OD	is flamen OD	lapis		36.60005	10.1820304						
EDCS-26500922	Uthina-02, 00088	Africa proconsularis	Oudna, Hr. / Udhnah / Uthina						]os [3] / [3]ulia // ]ER[	os ER	os ulia ER	lapis		36.60005	10.1820304						
EDCS-26500923	Uthina-02, 00089	Africa proconsularis	Oudna, Hr. / Udhnah / Uthina					seviri Augustales;  viri	]vir/o Aug(ustali)	viro Aug	viro Augustali	lapis		36.60005	10.1820304						
EDCS-26500924	Uthina-02, 00090	Africa proconsularis	Oudna, Hr. / Udhnah / Uthina						]gram[3] / [3]sore P[ // ]S AMC[3] / [3]asio IIV DV[3] / [3] dedicandu[	gram sore P S AMC asio IIV DV dedicandu	gram sore P S AMC asio IIV DV dedicandu	lapis		36.60005	10.1820304						
EDCS-26500925	Uthina-02, 00091	Africa proconsularis	Oudna, Hr. / Udhnah / Uthina					viri	]vir [	vir	vir	lapis		36.60005	10.1820304						
EDCS-26500926	Uthina-02, 00092 = AE 2004, 01826	Africa proconsularis	Oudna, Hr. / Udhnah / Uthina					ordo decurionum;  tituli honorarii;  tria nomina;  viri	] P(ublio) Valerio P(ubli) f(ilio) Ho[norato] / [3] Honorato ae[di]l[i	P Valerio P f Ho Honorato ae li	Publio Valerio Publi filio Honorato Honorato aedili	lapis		36.60005	10.1820304			http://db.edcs.eu/epigr/partner.php?s_language=en&param=HD052491			
EDCS-26500927	Uthina-02, 00093 = AE 2004, 01827	Africa proconsularis	Oudna, Hr. / Udhnah / Uthina					ordo decurionum;  tituli honorarii;  viri	]O[ // ] Optat[us 3] / dederat [3] / fili(i) pro[ // ]EV[3] / [ob h]onorem decuriona[tus] / [3] quem ei O[3] / [3] defuncti alterius [3] / [summ]am solverat [3] / [3]XII idemque [ // ]MAR[3] / [3]tusia [ // ]ius [	O Optat dederat fili pro EV onorem decuriona quem ei O defuncti alterius am solverat XII idem que MAR tusia ius	O Optatus dederat filii pro EV ob honorem decurionatus quem ei O defuncti alterius summam solverat XII idem que MAR tusia ius	lapis		36.60005	10.1820304			http://db.edcs.eu/epigr/partner.php?s_language=en&param=HD052492			
EDCS-26500928	Uthina-02, 00094	Africa proconsularis	Oudna, Hr. / Udhnah / Uthina						]RDECV[3] / [3][	RDECV	RDECV	lapis		36.60005	10.1820304	GR					
EDCS-26500929	Uthina-02, 00095	Africa proconsularis	Oudna, Hr. / Udhnah / Uthina					tituli honorarii	]us A[3] / [3]us et G[3] / [3]icum[ // ]vino numu[ // ]PA div[ // ]OCNO[ // ]curante [ // ]NID[ // ]ano[	us A us et G icum vino numu PA div OCNO curante NID ano	us A us et G icum vino numu PA div OCNO curante NID ano	lapis		36.60005	10.1820304						
EDCS-26500930	Uthina-02, 00096	Africa proconsularis	Oudna, Hr. / Udhnah / Uthina					tituli sepulcrales	]do[3] / [3 e]t incom[parabili(?) 3] / [3 p]onen[dum	do t incom onendum	do et incomparabili ponendum	lapis		36.60005	10.1820304						
EDCS-26500931	Uthina-02, 00097 = AE 2004, 01828	Africa proconsularis	Oudna, Hr. / Udhnah / Uthina					viri	]CR / [3]N M(arcus) Baeb[ius(?)	CR N M Baebius	CR N Marcus Baebius	lapis		36.60005	10.1820304			http://db.edcs.eu/epigr/partner.php?s_language=en&param=HD052493			
EDCS-26500932	Uthina-02, 00098	Africa proconsularis	Oudna, Hr. / Udhnah / Uthina					viri	Q(uintus) Bis[3] / SEDA[	Q Bis SEDA	Quintus Bis SEDA	lapis		36.60005	10.1820304						
EDCS-26500933	Uthina-02, 00099	Africa proconsularis	Oudna, Hr. / Udhnah / Uthina					tria nomina;  viri	Sex(to) Ca[ecilio] / Aufid[iano // ]VO[3] / PROX[	Sex Ca Aufid VO PROX	Sexto Caecilio Aufidiano VO PROX	lapis		36.60005	10.1820304						
EDCS-26500934	Uthina-02, 00100	Africa proconsularis	Oudna, Hr. / Udhnah / Uthina						]N[3]A[3] / Cand[id	N A Candid	N A Candid	lapis		36.60005	10.1820304						
EDCS-26500935	Uthina-02, 00101	Africa proconsularis	Oudna, Hr. / Udhnah / Uthina						] Q(uinti) f(ilius?) [	Q f	Quinti filius	lapis		36.60005	10.1820304						
EDCS-26500936	Uthina-02, 00102 = AE 2004, 01829	Africa proconsularis	Oudna, Hr. / Udhnah / Uthina					tituli operum;  viri	]ON[3] / [3 Iu]cundus [3] / [3 pisci]nas incru[statas(?) 3] / [3]IV promi[serat	ON cundus nas incru IV promiserat	ON Iucundus piscinas incrustatas IV promiserat	lapis		36.60005	10.1820304			http://db.edcs.eu/epigr/partner.php?s_language=en&param=HD052494			
EDCS-26500937	Uthina-02, 00103	Africa proconsularis	Oudna, Hr. / Udhnah / Uthina						]ciae / [3]sae et [	ciae sae et	ciae sae et	lapis		36.60005	10.1820304						
EDCS-26500938	Uthina-02, 00104a	Africa proconsularis	Oudna, Hr. / Udhnah / Uthina						]obasilico[	obasilico	obasilico	lapis		36.60005	10.1820304						
EDCS-26500939	Uthina-02, 00104b	Africa proconsularis	Oudna, Hr. / Udhnah / Uthina						]ulano A[	ulano A	ulano A	lapis		36.60005	10.1820304						
EDCS-26500940	Uthina-02, 00105 = AE 2004, 01830	Africa proconsularis	Oudna, Hr. / Udhnah / Uthina					officium/professio	] ex of(f)ic[i]/na Mart/[3] Utinensi/s	ex ofic na Mart Utinensis	ex officina Mart Utinensis	lapis		36.60005	10.1820304			http://db.edcs.eu/epigr/partner.php?s_language=en&param=HD052495			
EDCS-26500941	Uthina-02, 00106	Africa proconsularis	Oudna, Hr. / Udhnah / Uthina						S VIII E	S VIII E	S VIII E	lapis		36.60005	10.1820304						
EDCS-26500942	Uthina-02, 00107 = AE 2004, 01831	Africa proconsularis	Oudna, Hr. / Udhnah / Uthina					tituli sepulcrales	D(is) [M(anibus) s(acrum)] / Hono[rat 3 vi]/xit an[nos	D Hono xit annos	Dis Manibus sacrum Honorat vixit annos	lapis		36.60005	10.1820304			http://db.edcs.eu/epigr/partner.php?s_language=en&param=HD052496			
EDCS-26500943	Uthina-02, 00108	Africa proconsularis	Oudna, Hr. / Udhnah / Uthina					tituli operum	]octu/[3]i statui/[t 3 I]ucun/[d 3] fecit	octu i statui ucun fecit	octu i statuit Iucund fecit	lapis		36.60005	10.1820304						
EDCS-26500944	Uthina-02, 00109	Africa proconsularis	Oudna, Hr. / Udhnah / Uthina					mulieres;  tituli sepulcrales	D(is) M(anibus)] s(acrum) / [3]as pia / [vixit ann(os) 3]VII	D M s as pia VII	Dis Manibus sacrum as pia vixit annos VII	lapis		36.60005	10.1820304						
EDCS-26500945	Uthina-02, 00110	Africa proconsularis	Oudna, Hr. / Udhnah / Uthina					tituli sepulcrales	D(is) M(anibus)] s(acrum) / [3]ter / [3]tus / [	D M s ter tus	Dis Manibus sacrum ter tus	lapis		36.60005	10.1820304						
EDCS-26500946	Uthina-02, 00111	Africa proconsularis	Oudna, Hr. / Udhnah / Uthina					tituli sepulcrales;  viri	] pius vixit / annis LXXX / h(ic) s(itus) e(st)	pius vixit annis LXXX h s e	pius vixit annis LXXX hic situs est	lapis		36.60005	10.1820304						
EDCS-26500947	Uthina-02, 00112	Africa proconsularis	Oudna, Hr. / Udhnah / Uthina					tituli sepulcrales	Dis Manibus / sacrum / [	Dis Manibus sacrum	Dis Manibus sacrum	lapis		36.60005	10.1820304						
EDCS-26500948	Uthina-02, 00113	Africa proconsularis	Oudna, Hr. / Udhnah / Uthina						]S / [3]escat / [	S escat	S escat	lapis		36.60005	10.1820304						
EDCS-26500949	Uthina-02, 00114	Africa proconsularis	Oudna, Hr. / Udhnah / Uthina					viri	]LE[3] / [3]gonius O[	LE gonius O	LE gonius O	lapis		36.60005	10.1820304						
EDCS-26500950	Uthina-02, 00115 = AE 2004, 01832	Africa proconsularis	Oudna, Hr. / Udhnah / Uthina					nomen singulare;  viri	Benenate	Benenate	Benenate	lapis		36.60005	10.1820304			http://db.edcs.eu/epigr/partner.php?s_language=en&param=HD052497			
EDCS-26500951	Uthina-02, 00116 = AE 2004, 01833 = AE 2011, +01520	Africa proconsularis	Oudna, Hr. / Udhnah / Uthina					ordo decurionum;  tituli operum	] cur(ia) VIIII l(oca) Valer(ia)	cur VIIII l Valer	curia VIIII loca Valeria	lapis		36.60005	10.1820304			http://db.edcs.eu/epigr/partner.php?s_language=en&param=HD052498			
EDCS-26500952	Uthina-02, 00117 = AE 2004, 01834	Africa proconsularis	Oudna, Hr. / Udhnah / Uthina					nomen singulare;  tituli operum;  viri	statu]am marmoream / Eutechni	statuam marmoream Eutechni	statuam marmoream Eutechni	lapis		36.60005	10.1820304			http://db.edcs.eu/epigr/partner.php?s_language=en&param=HD052499			
EDCS-26500953	Uthina-02, 00118 = AE 2004, 01835 = AE 2004, 01839	Africa proconsularis	Oudna, Hr. / Udhnah / Uthina	117	250	117	410	Augusti/Augustae;  tituli honorarii;  viri	I]mp(erator) Ca(esar) [ // ]erei Anni / Clodiani // Albani / Muric(i)	Imp Ca erei Anni Clodiani Albani Muric	Imperator Caesar erei Anni Clodiani Albani Murici	lapis		36.60005	10.1820304			http://db.edcs.eu/epigr/partner.php?s_language=en&param=HD052500;HD052504			a:  117 to 250;   b:  301 to 410
EDCS-26500954	Uthina-02, 00119	Africa proconsularis	Oudna, Hr. / Udhnah / Uthina						]M [	M	M	lapis		36.60005	10.1820304						
EDCS-26500955	Uthina-02, 00120	Africa proconsularis	Oudna, Hr. / Udhnah / Uthina						]ER[	ER	ER	lapis		36.60005	10.1820304						
EDCS-26500956	Uthina-02, 00121 = AE 2004, 01840	Africa proconsularis	Oudna, Hr. / Udhnah / Uthina	301	410	301	410	tria nomina;  viri	]TM[ // Q(uinti) Grani Marcianin(i)	TM Q Grani Marcianin	TM Quinti Grani Marcianini	lapis	Sitzstein	36.60005	10.1820304			http://db.edcs.eu/epigr/partner.php?s_language=en&param=HD052505			301 to 410
EDCS-26500957	Uthina-02, 00122 = AE 2004, 01841	Africa proconsularis	Oudna, Hr. / Udhnah / Uthina	301	410	301	410	tria nomina;  viri	]B[ // Q(uinti) Grani Pela[gi	B Q Grani Pelagi	B Quinti Grani Pelagi	lapis	Sitzstein	36.60005	10.1820304			http://db.edcs.eu/epigr/partner.php?s_language=en&param=HD052506			301 to 410
EDCS-26500958	Uthina-02, 00123	Africa proconsularis	Oudna, Hr. / Udhnah / Uthina						]X[	X	X	lapis		36.60005	10.1820304						
EDCS-26500959	Uthina-02, 00124 = AE 2004, 01836 = AE 2004, 01842	Africa proconsularis	Oudna, Hr. / Udhnah / Uthina	301	410	301	410	ordo decurionum;  tria nomina;  viri	]II[ // Manli Vibianiani // [3]ani duo[viralici	II Manli Vibianiani ani duoviralici	II Manli Vibianiani ani duoviralici	lapis	Sitzstein	36.60005	10.1820304			http://db.edcs.eu/epigr/partner.php?s_language=en&param=HD052501;HD052507			a:  301 to 410;   b:  301 to 410
EDCS-26500960	Uthina-02, 00125 = AE 2004, 01843	Africa proconsularis	Oudna, Hr. / Udhnah / Uthina	301	410	301	410	viri	]P[ // V / M / P / P // Feliciss[imi	P V M P P Felicissimi	P V M P P Felicissimi	lapis	Sitzstein	36.60005	10.1820304			http://db.edcs.eu/epigr/partner.php?s_language=en&param=HD052508			301 to 410
EDCS-26500961	Uthina-02, 00126	Africa proconsularis	Oudna, Hr. / Udhnah / Uthina						]D[	D	D	lapis		36.60005	10.1820304						
EDCS-26500962	Uthina-02, 00127	Africa proconsularis	Oudna, Hr. / Udhnah / Uthina						]I[ // ]FA[	I FA	I FA	lapis		36.60005	10.1820304						
EDCS-26500963	Uthina-02, 00128 = AE 2004, 01844	Africa proconsularis	Oudna, Hr. / Udhnah / Uthina	301	410	301	410	ordo decurionum;  sacerdotes pagani;  viri	]O[ // ]GAP[ // Aem[ // [3]fi duo<v=B>iral(ici) f(lamini) p(erpetui)	O GAP Aem fi duoBiral f p	O GAP Aem fi duoviralici flamini perpetui	lapis	Sitzstein	36.60005	10.1820304			http://db.edcs.eu/epigr/partner.php?s_language=en&param=HD052509			301 to 410
EDCS-26500964	Uthina-02, 00129	Africa proconsularis	Oudna, Hr. / Udhnah / Uthina						]E[ // ]I[	E I	E I	lapis		36.60005	10.1820304						
EDCS-26500965	Uthina-02, 00130	Africa proconsularis	Oudna, Hr. / Udhnah / Uthina						]S[ // ]LV[ // ]E[ // [3]galbe[3]CMANC[	S LV E galbe CMANC	S LV E galbe CMANC	lapis		36.60005	10.1820304						
EDCS-26500966	Uthina-02, 00131	Africa proconsularis	Oudna, Hr. / Udhnah / Uthina						]I[	I	I	lapis		36.60005	10.1820304						
EDCS-26500967	Uthina-02, 00132	Africa proconsularis	Oudna, Hr. / Udhnah / Uthina						]A[	A	A	lapis		36.60005	10.1820304						
EDCS-26500968	Uthina-02, 00133 = AE 2004, 01845	Africa proconsularis	Oudna, Hr. / Udhnah / Uthina	301	410	301	410		]sis // [3]LC // DOG[	sis LC DOG	sis LC DOG	lapis		36.60005	10.1820304			http://db.edcs.eu/epigr/partner.php?s_language=en&param=HD052510			301 to 410
EDCS-26500969	Uthina-02, 00134	Africa proconsularis	Oudna, Hr. / Udhnah / Uthina						]M[	M	M	lapis		36.60005	10.1820304						
EDCS-26500970	Uthina-02, 00135	Africa proconsularis	Oudna, Hr. / Udhnah / Uthina						]P[3] / [3]D F[	P D F	P D F	lapis		36.60005	10.1820304						
EDCS-26500971	Uthina-02, 00136	Africa proconsularis	Oudna, Hr. / Udhnah / Uthina						]tinu[3] / [3]da[	tinu da	tinu da	lapis		36.60005	10.1820304						
EDCS-26500972	Uthina-02, 00137 = AE 2004, 01846	Africa proconsularis	Oudna, Hr. / Udhnah / Uthina	301	410	301	410	viri	]ni h(onestissimi) v(iri) et A[	ni h v et A	ni honestissimi viri et A	lapis	Sitzstein	36.60005	10.1820304			http://db.edcs.eu/epigr/partner.php?s_language=en&param=HD052511			301 to 410
EDCS-26500973	Uthina-02, 00138	Africa proconsularis	Oudna, Hr. / Udhnah / Uthina					ordo decurionum;  viri	] du[umviral(ici)	duumviral	duumviralici	lapis		36.60005	10.1820304						
EDCS-26500974	Uthina-02, 00139	Africa proconsularis	Oudna, Hr. / Udhnah / Uthina						]LI[	LI	LI	lapis		36.60005	10.1820304						
EDCS-26500975	Uthina-02, 00140	Africa proconsularis	Oudna, Hr. / Udhnah / Uthina						]SLEAI C[	SLEAI C	SLEAI C	lapis		36.60005	10.1820304						
EDCS-26500976	Uthina-02, 00141	Africa proconsularis	Oudna, Hr. / Udhnah / Uthina						Conmilo	Conmilo	Conmilo	lapis	Sitzstein	36.60005	10.1820304						
EDCS-26500977	Uthina-02, 00142	Africa proconsularis	Oudna, Hr. / Udhnah / Uthina						]RVMV[	RVMV	RVMV	lapis		36.60005	10.1820304						
EDCS-26500978	Uthina-02, 00143	Africa proconsularis	Oudna, Hr. / Udhnah / Uthina						]cus [	cus	cus	lapis		36.60005	10.1820304						
EDCS-26500979	Uthina-02, 00144 = AE 2004, 01847	Africa proconsularis	Oudna, Hr. / Udhnah / Uthina	301	410	301	410	viri	]s h(onestissimi) v(iri) [	s h v	s honestissimi viri	lapis	Sitzstein	36.60005	10.1820304			http://db.edcs.eu/epigr/partner.php?s_language=en&param=HD052512			301 to 410
EDCS-26500980	Uthina-02, 00145 = AE 2004, 01837	Africa proconsularis	Oudna, Hr. / Udhnah / Uthina					viri	Se]cundi / [3] F P [ // ]D[ // Bac[	Secundi F P D Bac	Secundi F P D Bac	lapis	Sitzstein	36.60005	10.1820304			http://db.edcs.eu/epigr/partner.php?s_language=en&param=HD052502			
EDCS-26500981	Uthina-02, 00146	Africa proconsularis	Oudna, Hr. / Udhnah / Uthina						]RVD / fel[	RVD fel	RVD fel	lapis		36.60005	10.1820304						
EDCS-26500982	Uthina-02, 00147 = AE 2004, 01838 = AE 2004, 01848	Africa proconsularis	Oudna, Hr. / Udhnah / Uthina	301	410	301	410	viri	Oc[3]tavi et Octavi // APP // Praetextati	Oc tavi et Octavi APP Praetextati	Oc tavi et Octavi APP Praetextati	lapis	Sitzstein	36.60005	10.1820304			http://db.edcs.eu/epigr/partner.php?s_language=en&param=HD052503;HD052513			a:  ;   b:  301 to 410
EDCS-26500983	Uthina-02, 00148 = AE 2004, 01849	Africa proconsularis	Oudna, Hr. / Udhnah / Uthina	301	410	301	410	ordo decurionum;  viri	duo]<v=B>iralici(i) Memmii	duoBiralici Memmii	duoviralicii Memmii	lapis		36.60005	10.1820304			http://db.edcs.eu/epigr/partner.php?s_language=en&param=HD052514			301 to 410
EDCS-26500984	Uthina-02, 00149	Africa proconsularis	Oudna, Hr. / Udhnah / Uthina						]as Pasi[	as Pasi	as Pasi	lapis		36.60005	10.1820304						
EDCS-26500985	Uthina-02, 00150 = AE 2004, 01850	Africa proconsularis	Oudna, Hr. / Udhnah / Uthina	301	410	301	410	ordo decurionum;  viri	M(arci) Cuculli h(onestissimi) v(iri)	M Cuculli h v	Marci Cuculli honestissimi viri	lapis	Sitzstein	36.60005	10.1820304			http://db.edcs.eu/epigr/partner.php?s_language=en&param=HD052515			301 to 410
EDCS-26500986	Uthina-02, 00151 = AE 2004, 01851	Africa proconsularis	Oudna, Hr. / Udhnah / Uthina	301	410	301	410	tria nomina;  viri	L(uci) M() L() Dogasi h(onestissimi) v(iri)	L M L Dogasi h v	Luci M L Dogasi honestissimi viri	lapis	Sitzstein	36.60005	10.1820304			http://db.edcs.eu/epigr/partner.php?s_language=en&param=HD052516			301 to 410
EDCS-26500987	Uthina-02, 00152	Africa proconsularis	Oudna, Hr. / Udhnah / Uthina					viri	Q(uinti) D[	Q D	Quinti D	lapis	Sitzstein	36.60005	10.1820304						
EDCS-26500988	Uthina-02, 00153	Africa proconsularis	Oudna, Hr. / Udhnah / Uthina						]RTV[ // ]I[	RTV I	RTV I	lapis		36.60005	10.1820304						
EDCS-26500989	Uthina-02, 00154	Africa proconsularis	Oudna, Hr. / Udhnah / Uthina					ordo decurionum;  viri	] duo<v=B>iral[i	duoBirali	duovirali	lapis	Sitzstein	36.60005	10.1820304						
EDCS-26500990	Uthina-02, 00155	Africa proconsularis	Oudna, Hr. / Udhnah / Uthina						]MVE[	MVE	MVE	lapis		36.60005	10.1820304						
EDCS-26500991	Uthina-02, 00156	Africa proconsularis	Oudna, Hr. / Udhnah / Uthina						]TR[	TR	TR	lapis		36.60005	10.1820304						
EDCS-26500992	Uthina-02, 00157	Africa proconsularis	Oudna, Hr. / Udhnah / Uthina						]I[	I	I	lapis		36.60005	10.1820304						
EDCS-26500993	Uthina-02, 00158	Africa proconsularis	Oudna, Hr. / Udhnah / Uthina						]AVG[	AVG	AVG	lapis		36.60005	10.1820304						
EDCS-26500994	Uthina-02, 00159	Africa proconsularis	Oudna, Hr. / Udhnah / Uthina						]LIE[	LIE	LIE	lapis		36.60005	10.1820304						
EDCS-26500995	Uthina-02, 00160	Africa proconsularis	Oudna, Hr. / Udhnah / Uthina					viri	G]ellio // ]O I O R[	Gellio O I O R	Gellio O I O R	lapis		36.60005	10.1820304						
EDCS-26500996	Uthina-02, 00162	Africa proconsularis	Oudna, Hr. / Udhnah / Uthina						]RCIN[	RCIN	RCIN	lapis		36.60005	10.1820304						
EDCS-26500997	Uthina-02, 00163	Africa proconsularis	Oudna, Hr. / Udhnah / Uthina						]Q[ / ]SEC[ // ]FINE[ // ]B[ // ]VNAP[	Q SEC FINE B VNAP	Q SEC FINE B VNAP	lapis		36.60005	10.1820304						
EDCS-26500998	Uthina-02, 00164	Africa proconsularis	Oudna, Hr. / Udhnah / Uthina						]OR[	OR	OR	lapis		36.60005	10.1820304						
EDCS-26500999	Uthina-02, 00165	Africa proconsularis	Oudna, Hr. / Udhnah / Uthina						]ns / [3]efreu[	ns efreu	ns efreu	lapis		36.60005	10.1820304						
EDCS-26501000	Uthina-02, 00166	Africa proconsularis	Oudna, Hr. / Udhnah / Uthina						]NV[	NV	NV	lapis		36.60005	10.1820304						
EDCS-26501001	Uthina-02, 00167	Africa proconsularis	Oudna, Hr. / Udhnah / Uthina						]RV[	RV	RV	lapis		36.60005	10.1820304						
EDCS-26501002	Uthina-02, 00168	Africa proconsularis	Oudna, Hr. / Udhnah / Uthina						]V[	V	V	lapis		36.60005	10.1820304						
EDCS-26501003	Uthina-02, 00169	Africa proconsularis	Oudna, Hr. / Udhnah / Uthina						]D[	D	D	lapis		36.60005	10.1820304						
EDCS-26501004	Uthina-02, 00170	Africa proconsularis	Oudna, Hr. / Udhnah / Uthina					sacerdotes pagani;  viri	flam(en)] perp(etuus) [	flam perp	flamen perpetuus	lapis	Sitzstein	36.60005	10.1820304						
EDCS-26501005	Uthina-02, 00171	Africa proconsularis	Oudna, Hr. / Udhnah / Uthina					tria nomina;  viri	] Licini / Flumini L[	Licini Flumini L	Licini Flumini L	lapis	Sitzstein	36.60005	10.1820304						
EDCS-26501006	Uthina-02, 00172 = AE 2004, 01852	Africa proconsularis	Oudna, Hr. / Udhnah / Uthina						Dati vi(n)centu[r]	Dati vicentu	Dati vincentur	lapis		36.60005	10.1820304			http://db.edcs.eu/epigr/partner.php?s_language=en&param=HD052517			
EDCS-26501007	Uthina-02, 00173	Africa proconsularis	Oudna, Hr. / Udhnah / Uthina						]P L[	P L	P L	lapis		36.60005	10.1820304						
EDCS-26501008	Uthina-02, 00174	Africa proconsularis	Oudna, Hr. / Udhnah / Uthina						]AFV[	AFV	AFV	lapis		36.60005	10.1820304						
EDCS-26501009	Uthina-02, 00175	Africa proconsularis	Oudna, Hr. / Udhnah / Uthina						]T[ // ]VES E[	T VES E	T VES E	lapis		36.60005	10.1820304						
EDCS-26501010	Uthina-02, 00176	Africa proconsularis	Oudna, Hr. / Udhnah / Uthina						E[	E	E	lapis		36.60005	10.1820304						
EDCS-26501011	Uthina-02, 00178	Africa proconsularis	Oudna, Hr. / Udhnah / Uthina						]NTIFI[	NTIFI	NTIFI	lapis		36.60005	10.1820304						
EDCS-26501012	Uthina-02, 00179	Africa proconsularis	Oudna, Hr. / Udhnah / Uthina					viri	C(aius) Mar[ius(?)	C Marius	Caius Marius	lapis		36.60005	10.1820304						
EDCS-26501013	Uthina-02, 00180	Africa proconsularis	Oudna, Hr. / Udhnah / Uthina						] AGI[	AGI	AGI	lapis		36.60005	10.1820304						
EDCS-26501014	Uthina-02, 00181	Africa proconsularis	Oudna, Hr. / Udhnah / Uthina						]SSD[	SSD	SSD	lapis		36.60005	10.1820304						
EDCS-26501015	Uthina-02, 00182	Africa proconsularis	Oudna, Hr. / Udhnah / Uthina						] C[	C	C	lapis		36.60005	10.1820304						
EDCS-26501016	Uthina-02, 00183	Africa proconsularis	Oudna, Hr. / Udhnah / Uthina						]QBFV[3] / [3]IIENI[3] / [3]V[	QBFV IIENI V	QBFV IIENI V	lapis		36.60005	10.1820304						
EDCS-26501017	Uthina-02, 00184	Africa proconsularis	Oudna, Hr. / Udhnah / Uthina						]TEN[	TEN	TEN	lapis		36.60005	10.1820304						
EDCS-26501018	Uthina-02, 00185	Africa proconsularis	Oudna, Hr. / Udhnah / Uthina						]OHD[	OHD	OHD	lapis		36.60005	10.1820304						
EDCS-26501019	Uthina-02, 00186	Africa proconsularis	Oudna, Hr. / Udhnah / Uthina						Elacis	Elacis	Elacis	lapis		36.60005	10.1820304						
EDCS-26501020	Uthina-02, 00187	Africa proconsularis	Oudna, Hr. / Udhnah / Uthina						]R[	R	R	lapis		36.60005	10.1820304						
EDCS-26501021	Uthina-02, 00188	Africa proconsularis	Oudna, Hr. / Udhnah / Uthina						]S E [3]OLOC	S E OLOC	S E OLOC	lapis		36.60005	10.1820304						
EDCS-26501022	Uthina-02, 00189	Africa proconsularis	Oudna, Hr. / Udhnah / Uthina						[3]IIGA / ORIII I / Mentiae	IIGA ORIII I Mentiae	IIGA ORIII I Mentiae	lapis		36.60005	10.1820304						
EDCS-26501023	Uthina-02, 00190	Africa proconsularis	Oudna, Hr. / Udhnah / Uthina						COCVC	COCVC	COCVC	lapis		36.60005	10.1820304						
EDCS-26501024	Uthina-02, 00191	Africa proconsularis	Oudna, Hr. / Udhnah / Uthina						]M[	M	M	lapis		36.60005	10.1820304						
EDCS-26501025	Uthina-02, 00192	Africa proconsularis	Oudna, Hr. / Udhnah / Uthina						]M[	M	M	lapis		36.60005	10.1820304						
EDCS-26501026	Uthina-02, 00193	Africa proconsularis	Oudna, Hr. / Udhnah / Uthina						]FO[	FO	FO	lapis		36.60005	10.1820304						
EDCS-26501027	Uthina-02, 00194	Africa proconsularis	Oudna, Hr. / Udhnah / Uthina						]FO[	FO	FO	lapis		36.60005	10.1820304						
EDCS-26501028	Uthina-02, 00195	Africa proconsularis	Oudna, Hr. / Udhnah / Uthina						XIX[3]IIBASIIS / IA N IBXI	XIX IIBASIIS IA N IBXI	XIX IIBASIIS IA N IBXI	lapis		36.60005	10.1820304						
EDCS-26501029	Uthina-02, 00196 = AE 2004, 01853	Africa proconsularis	Oudna, Hr. / Udhnah / Uthina					tria nomina;  viri	Vendianus C(aius) Caecilius // ]AR[3] / [3]FE[ // APO[3]OC	Vendianus C Caecilius AR FE APO OC	Vendianus Caius Caecilius AR FE APO OC	lapis	Sitzstein	36.60005	10.1820304			http://db.edcs.eu/epigr/partner.php?s_language=en&param=HD052518			
EDCS-26501030	Uthina-02, 00197 = AE 2004, 01854	Africa proconsularis	Oudna, Hr. / Udhnah / Uthina					nomen singulare;  tria nomina;  viri	Augen/ii // M(arcus) Petronius Vita/lis OCC	Augenii M Petronius Vitalis OCC	Augenii Marcus Petronius Vitalis OCC	lapis		36.60005	10.1820304			http://db.edcs.eu/epigr/partner.php?s_language=en&param=HD052519			
EDCS-26501031	Uthina-02, 00198 = AE 2004, 01855	Africa proconsularis	Oudna, Hr. / Udhnah / Uthina					nomen singulare;  viri	Saturnin{n}us	Saturninnus	Saturninus	lapis		36.60005	10.1820304			http://db.edcs.eu/epigr/partner.php?s_language=en&param=HD052520			
EDCS-26501032	Uthina-02, 00199 = AE 2004, 01856	Africa proconsularis	Oudna, Hr. / Udhnah / Uthina					nomen singulare;  viri	Cresc[en]s	Cresc s	Crescens	lapis		36.60005	10.1820304			http://db.edcs.eu/epigr/partner.php?s_language=en&param=HD052521			
EDCS-26501033	Uthina-02, 00200	Africa proconsularis	Oudna, Hr. / Udhnah / Uthina					tituli sacri	Dis [3]as PO	Dis as PO	Dis as PO	lapis		36.60005	10.1820304						
EDCS-26501034	Uthina-02, 00201 = AE 2004, 01857 = AE 2018, +01853	Africa proconsularis	Oudna, Hr. / Udhnah / Uthina					tituli operum;  tituli sacri	]ma d[3] / [3]ones et munera duo ed[idit // Marsinus // Campester[	ma d ones et munera duo edidit Marsinus Campester	ma d ones et munera duo edidit Marsinus Campester	lapis		36.60005	10.1820304			http://db.edcs.eu/epigr/partner.php?s_language=en&param=HD052522			
EDCS-21000586	ZPE-178-291 = AE 2000, 01702	Africa proconsularis	Oudna, Hr. / Udhnah / Uthina					Augusti/Augustae;  tituli honorarii;  viri	]A[3] / [3]P [3]/le[3 c]o(n)s(uli) pro[co(n)s(uli) 3]/io [3] Sparso	A P le os pro io Sparso	A P le consuli proconsuli io Sparso	lapis		36.60005	10.1820304		http://db.edcs.eu/epigr/bilder.php?bilder.php?s_language=en&bild=$ZPE-178-291_1.jpg;$ZPE-178-291_2.jpg	http://db.edcs.eu/epigr/partner.php?s_language=en&param=HD048100			
